src,ppc,mos,std,ci
p03,p03_geocnn_r01,2.534482758620689,0.9863817062336414,0.2593558484126826
p03,p03_geocnn_r02,2.9655172413793105,0.9090638845837288,0.2390261635607581
p03,p03_geocnn_r03,3.6557377049180326,0.8662193320408463,0.2218490719682027
p03,p03_geocnn_r04,3.442622950819672,0.8593667162020432,0.2200940355609555
p03,p03_gpcc-octree-predlift_r02,1.540983606557377,0.8011010965816799,0.2051715174846441
p03,p03_gpcc-octree-predlift_r03,3.103448275862069,0.9226957351903208,0.2426104759594616
p03,p03_gpcc-octree-predlift_r04,4.084745762711864,0.7655315112295739,0.1994985982722845
p03,p03_gpcc-octree-predlift_r05,3.983333333333333,0.8060534859562496,0.2082256951390555
p03,p03_gpcc-octree-predlift_r06,4.316666666666666,0.7414325473178404,0.1915323365679949
p03,p03_gpcc-octree-raht_r02,1.5762711864406778,0.7855342526275569,0.2047113410685819
p03,p03_gpcc-octree-raht_r03,2.8852459016393444,0.9425873122272168,0.2414078198577424
p03,p03_gpcc-octree-raht_r04,3.854838709677419,0.7371867665823508,0.187210384843631
p03,p03_gpcc-octree-raht_r05,4.293103448275862,0.8511375894618953,0.2237952206896745
p03,p03_gpcc-octree-raht_r06,4.533333333333333,0.6182412330330468,0.1597086455859832
p03,p03_vpcc_r00,2.2203389830508478,0.9926474891082256,0.2586853444315062
p03,p03_vpcc_r01,2.903225806451613,0.928225456125042,0.2357251279325724
p03,p03_vpcc_r02,2.983050847457627,1.0332034341781808,0.2692542812739212
p03,p03_vpcc_r03,3.55,0.9385272150200727,0.2424472881258449
p03,p03_vpcc_r04,3.5254237288135597,0.8508407049499074,0.2217302952270053
p03,p03_vpcc_r05,3.775862068965517,0.7666115198419212,0.2015702236517781
p06,p06_geocnn_r01,2.442622950819672,0.9499713570131424,0.2432989615380715
p06,p06_geocnn_r02,3.8,0.8524474568362946,0.220210528658258
p06,p06_geocnn_r03,4.066666666666666,0.7930251502246882,0.2048601191425805
p06,p06_geocnn_r04,4.327868852459017,0.6707302473927469,0.1717819926444071
p06,p06_gpcc-octree-predlift_r02,1.896551724137931,1.109359168423821,0.2916911237329833
p06,p06_gpcc-octree-predlift_r03,2.864406779661017,0.8917251822349768,0.2323848480309334
p06,p06_gpcc-octree-predlift_r04,3.706896551724138,0.7658355970521659,0.2013662051545087
p06,p06_gpcc-octree-predlift_r05,4.213114754098361,0.6802784892211946,0.174227410923838
p06,p06_gpcc-octree-predlift_r06,4.466666666666667,0.7845734863959876,0.2026768228645115
p06,p06_gpcc-octree-raht_r02,1.8983050847457623,0.9689224357936576,0.2525025618670246
p06,p06_gpcc-octree-raht_r03,2.4754098360655736,0.9852445377912602,0.2523328426020687
p06,p06_gpcc-octree-raht_r04,3.435483870967742,0.9266827369176276,0.2353333506115216
p06,p06_gpcc-octree-raht_r05,3.95,0.7836878630339166,0.2024480420907644
p06,p06_gpcc-octree-raht_r06,4.262295081967213,0.7872267018716701,0.2016181200058736
p06,p06_vpcc_r00,2.3559322033898304,0.987424519568102,0.2573242311568876
p06,p06_vpcc_r01,2.8,0.7916228058025279,0.2044978551647971
p06,p06_vpcc_r02,3.086206896551724,0.8154643855438255,0.2144154298751253
p06,p06_vpcc_r03,3.166666666666667,0.8595864638818418,0.2220547297324561
p06,p06_vpcc_r04,3.6610169491525424,0.6792360986275892,0.177009891277359
p06,p06_vpcc_r05,4.032786885245901,0.5422241117554502,0.138870043119815
p08,p08_geocnn_r01,2.4098360655737703,0.8754773719881109,0.2242201660947979
p08,p08_geocnn_r02,3.666666666666667,1.011050059206874,0.2611819253519876
p08,p08_geocnn_r03,4.163934426229508,0.9440118064844571,0.2417726497770289
p08,p08_geocnn_r04,4.048387096774194,1.0384141034077337,0.2637078047769042
p08,p08_gpcc-octree-predlift_r02,1.6206896551724137,0.7150497018388872,0.1880127347310441
p08,p08_gpcc-octree-predlift_r03,2.949152542372881,0.8910806391928755,0.2322168791994233
p08,p08_gpcc-octree-predlift_r04,3.779661016949152,1.0095778041922328,0.2630974085699799
p08,p08_gpcc-octree-predlift_r05,4.2,0.8717797887081346,0.2252045995391713
p08,p08_gpcc-octree-predlift_r06,4.39344262295082,0.8352615870725896,0.2139204253340357
p08,p08_gpcc-octree-raht_r02,1.3793103448275863,0.784056344889798,0.2061571065715544
p08,p08_gpcc-octree-raht_r03,2.655172413793104,0.8620689655172418,0.2266694795016895
p08,p08_gpcc-octree-raht_r04,3.2295081967213117,1.0145408817551342,0.2598359846817241
p08,p08_gpcc-octree-raht_r05,4.131147540983607,0.7783001619979816,0.1993319269903019
p08,p08_gpcc-octree-raht_r06,4.406779661016949,0.9227564466994034,0.2404716395900769
p08,p08_vpcc_r00,1.8793103448275863,0.911186914601642,0.2395843858473452
p08,p08_vpcc_r01,2.6206896551724137,0.9064440984893044,0.2383373259222605
p08,p08_vpcc_r02,3.17741935483871,0.9422723657405504,0.2392923750322113
p08,p08_vpcc_r03,3.4,0.9521904571390466,0.2459768778337802
p08,p08_vpcc_r04,3.3870967741935485,0.9731034276773136,0.2471219987204906
p08,p08_vpcc_r05,3.916666666666667,0.7808471183414983,0.2017141999219788
p09,p09_geocnn_r01,2.0327868852459017,0.8677691978928553,0.2222460110438215
p09,p09_geocnn_r02,3.3278688524590163,1.1120990561407624,0.2848217932983149
p09,p09_geocnn_r03,4.016666666666667,0.7635807459303535,0.1972538229612921
p09,p09_geocnn_r04,3.5166666666666666,0.9397103572673629,0.2427529261773919
p09,p09_gpcc-octree-predlift_r02,1.4833333333333334,0.7414325473178403,0.1915323365679949
p09,p09_gpcc-octree-predlift_r03,2.5081967213114758,0.9516672310622948,0.2437332950493001
p09,p09_gpcc-octree-predlift_r04,3.885245901639344,0.7703173852111957,0.1972874429244646
p09,p09_gpcc-octree-predlift_r05,4.4035087719298245,0.7220742325353219,0.1915920827233427
p09,p09_gpcc-octree-predlift_r06,4.435483870967742,0.6628620189688557,0.1683354331558299
p09,p09_gpcc-octree-raht_r02,1.377049180327869,0.792669993687645,0.203012211771271
p09,p09_gpcc-octree-raht_r03,2.2666666666666666,0.8919392106839766,0.2304123304499078
p09,p09_gpcc-octree-raht_r04,3.793103448275862,0.8254282209369534,0.2170352868387103
p09,p09_gpcc-octree-raht_r05,4.278688524590164,0.8894858994262648,0.2278079165603451
p09,p09_gpcc-octree-raht_r06,4.573770491803279,0.5855924950653032,0.1499772018198918
p09,p09_vpcc_r00,1.6271186440677967,0.6350845422100068,0.1655039330148442
p09,p09_vpcc_r01,2.2711864406779663,0.8602425451152217,0.2241804281172212
p09,p09_vpcc_r02,2.566666666666667,0.7386173268720113,0.1908050880112729
p09,p09_vpcc_r03,2.7704918032786887,0.9648484570204694,0.2471091637676011
p09,p09_vpcc_r04,3.524590163934426,0.7597790312299322,0.1945884451483384
p09,p09_vpcc_r05,3.3870967741935485,0.8863633331634896,0.2250941392804881
p10,p10_geocnn_r01,2.80327868852459,0.9720634151064648,0.2489570003333083
p10,p10_geocnn_r02,3.6610169491525424,0.9497576763472472,0.2475081983565748
p10,p10_geocnn_r03,3.9322033898305087,0.918074750098362,0.23925158281156
p10,p10_geocnn_r04,4.0,0.7828813612588127,0.1988146390739577
p10,p10_gpcc-octree-predlift_r02,1.737704918032787,0.7220562473949258,0.1849271916109276
p10,p10_gpcc-octree-predlift_r03,3.2622950819672134,0.8852459016393446,0.2267220027052949
p10,p10_gpcc-octree-predlift_r04,4.114754098360656,0.8117651411895052,0.2079027061249387
p10,p10_gpcc-octree-predlift_r05,4.457627118644068,0.61951413161007,0.161446261914902
p10,p10_gpcc-octree-predlift_r06,4.491803278688525,0.6173170617627126,0.1581022406178965
p10,p10_gpcc-octree-raht_r02,1.7457627118644066,0.949455157570232,0.2474293615339487
p10,p10_gpcc-octree-raht_r03,2.7,1.0376254944182255,0.2680470882312745
p10,p10_gpcc-octree-raht_r04,3.9333333333333336,0.8730533902472531,0.2255336057036922
p10,p10_gpcc-octree-raht_r05,4.245901639344263,0.8618648805308141,0.2207338451535862
p10,p10_gpcc-octree-raht_r06,4.483333333333333,0.6189148209209046,0.1598826517885866
p10,p10_vpcc_r00,2.25,0.9768145508061736,0.2523379557403213
p10,p10_vpcc_r01,2.693548387096774,0.9261211109648766,0.2351907243253226
p10,p10_vpcc_r02,2.9166666666666665,0.8019074482479603,0.2071546600291992
p10,p10_vpcc_r03,3.3389830508474576,0.9317410255515086,0.2428130335898913
p10,p10_vpcc_r04,3.85,0.8722576072086351,0.2253280331464325
p10,p10_vpcc_r05,3.6610169491525424,0.7503709702094462,0.1955477397665294
p11,p11_geocnn_r01,3.8524590163934422,0.8652880800260094,0.2216105672528054
p11,p11_geocnn_r02,4.508474576271187,0.563670818586979,0.1468934152879966
p11,p11_geocnn_r03,4.508474576271187,0.673288951391227,0.1754600562673442
p11,p11_geocnn_r04,4.533333333333333,0.7180219742846002,0.1854847442823949
p11,p11_gpcc-octree-predlift_r02,1.274193548387097,0.7863626931128325,0.1996987318245384
p11,p11_gpcc-octree-predlift_r03,2.557377049180328,0.9499713570131424,0.2432989615380715
p11,p11_gpcc-octree-predlift_r04,3.88135593220339,0.8652372215661165,0.2254820478887922
p11,p11_gpcc-octree-predlift_r05,4.311475409836065,0.6151364930915971,0.1575437710500214
p11,p11_gpcc-octree-predlift_r06,4.583333333333333,0.5565269285687998,0.1437661502417119
p11,p11_gpcc-octree-raht_r02,1.3442622950819674,0.9731686609610378,0.2492400669401872
p11,p11_gpcc-octree-raht_r03,2.2666666666666666,0.9285592184789412,0.239872281572206
p11,p11_gpcc-octree-raht_r04,3.5,0.725163477407348,0.190672016453968
p11,p11_gpcc-octree-raht_r05,4.1803278688524586,0.7997580929606869,0.2048275582863828
p11,p11_gpcc-octree-raht_r06,4.65,0.4769696007084728,0.1232143131915072
p11,p11_vpcc_r00,1.5081967213114753,0.9516672310622948,0.2437332950493002
p11,p11_vpcc_r01,2.3666666666666667,0.8158158833680279,0.2107475898057347
p11,p11_vpcc_r02,3.0491803278688527,0.7980761603041366,0.2043967953315898
p11,p11_vpcc_r03,3.9655172413793114,0.6149156724181729,0.1616838338691719
p11,p11_vpcc_r04,4.524590163934426,0.6429072639713959,0.1646561957208142
p11,p11_vpcc_r05,4.733333333333333,0.4784233364802443,0.1235898529626261
p13,p13_geocnn_r01,4.344262295081967,0.8662193320408462,0.2218490719682027
p13,p13_geocnn_r02,4.7368421052631575,0.5138883689781337,0.1363529377777735
p13,p13_geocnn_r03,4.403225806451613,0.7716692718648831,0.1959673015124468
p13,p13_geocnn_r04,4.737704918032787,0.5402379361732482,0.1383613599337226
p13,p13_gpcc-octree-predlift_r02,1.206896551724138,0.4827586206896549,0.126934908520946
p13,p13_gpcc-octree-predlift_r03,2.8135593220338984,0.769648307779168,0.2005714412956854
p13,p13_gpcc-octree-predlift_r04,4.193548387096774,0.8198880662670217,0.2082125824452155
p13,p13_gpcc-octree-predlift_r05,4.3,0.8225975119502044,0.2124994702334006
p13,p13_gpcc-octree-predlift_r06,4.645161290322581,0.5707034197727138,0.1449315311811024
p13,p13_gpcc-octree-raht_r02,1.3934426229508197,0.9282221420912832,0.2377287289561186
p13,p13_gpcc-octree-raht_r03,2.098360655737705,0.7831194040981103,0.2005661922023063
p13,p13_gpcc-octree-raht_r04,3.688524590163935,0.8596793837460258,0.2201741134371946
p13,p13_gpcc-octree-raht_r05,4.245901639344263,0.8618648805308141,0.2207338451535862
p13,p13_gpcc-octree-raht_r06,4.586206896551724,0.6956634828217931,0.182915388289076
p13,p13_vpcc_r00,2.096774193548387,0.94544199288728,0.2400973096089685
p13,p13_vpcc_r01,2.693548387096774,0.8906088833728079,0.2261723071540709
p13,p13_vpcc_r02,3.688524590163935,0.8596793837460257,0.2201741134371946
p13,p13_vpcc_r03,4.086206896551724,1.038641067712347,0.2730967470406265
p13,p13_vpcc_r04,4.573770491803279,0.7987493583658908,0.2045692093608393
p13,p13_vpcc_r05,4.704918032786885,0.5535063283978408,0.1417595529694295
p14,p14_geocnn_r01,4.0,0.7071067811865476,0.1826650509121433
p14,p14_geocnn_r02,4.377049180327869,0.6814626128139846,0.174530679057484
p14,p14_geocnn_r03,4.360655737704918,0.6281063626448531,0.1608655088795839
p14,p14_geocnn_r04,4.661016949152542,0.5707612962875503,0.1487412038396043
p14,p14_gpcc-octree-predlift_r02,1.6,0.7571877794400363,0.1956023445983299
p14,p14_gpcc-octree-predlift_r03,2.7049180327868854,0.7963906755076141,0.2039651226315081
p14,p14_gpcc-octree-predlift_r04,4.283333333333333,0.6605973727535468,0.170650396710904
p14,p14_gpcc-octree-predlift_r05,4.413793103448276,0.6441910928368757,0.1693814132670325
p14,p14_gpcc-octree-predlift_r06,4.672131147540983,0.5347379157475438,0.13695273929676
p14,p14_gpcc-octree-raht_r02,1.213114754098361,0.5466666229682974,0.1400078230715236
p14,p14_gpcc-octree-raht_r03,2.225806451612903,0.8691737796972566,0.2207288100781982
p14,p14_gpcc-octree-raht_r04,4.016129032258064,0.8517900597748964,0.2163141718288348
p14,p14_gpcc-octree-raht_r05,4.409836065573771,0.7327703815943281,0.1876712087912878
p14,p14_gpcc-octree-raht_r06,4.627118644067797,0.6612342102756327,0.172318573624476
p14,p14_vpcc_r00,2.0161290322580645,0.8517900597748962,0.2163141718288348
p14,p14_vpcc_r01,2.8813559322033897,0.903566300695718,0.2354706603067725
p14,p14_vpcc_r02,4.032786885245901,0.8864593989898866,0.2270327938076123
p14,p14_vpcc_r03,4.508474576271187,0.6476262093065352,0.1687723092593914
p14,p14_vpcc_r04,4.590163934426229,0.5544765418127136,0.1420080361627029
p14,p14_vpcc_r05,4.683333333333334,0.7186020379103363,0.1856345906062408
p15,p15_geocnn_r01,3.8,0.812403840463596,0.2098661656595731
p15,p15_geocnn_r02,4.206896551724138,0.7133848574336966,0.1875749862099041
p15,p15_geocnn_r03,4.423728813559322,0.6162596258541645,0.1605981330961035
p15,p15_geocnn_r04,4.619047619047619,0.6529194857524803,0.1644356430310851
p15,p15_gpcc-octree-predlift_r02,1.278688524590164,0.547158008796021,0.1401336728255368
p15,p15_gpcc-octree-predlift_r03,2.694915254237288,0.9958258184114156,0.2595136215586172
p15,p15_gpcc-octree-predlift_r04,3.783333333333333,0.7977398629182881,0.2060780585784991
p15,p15_gpcc-octree-predlift_r05,4.135593220338983,0.7000636077309623,0.1824375697081952
p15,p15_gpcc-octree-predlift_r06,4.333333333333333,0.8299933065325822,0.2144100065623817
p15,p15_gpcc-octree-raht_r02,1.1206896551724137,0.3257662694429514,0.0856558740512554
p15,p15_gpcc-octree-raht_r03,2.0,0.7682212795973759,0.1967506053499929
p15,p15_gpcc-octree-raht_r04,3.793103448275862,0.6887925639806269,0.1811087722760624
p15,p15_gpcc-octree-raht_r05,4.216666666666667,0.7092640943651075,0.1832223440000894
p15,p15_gpcc-octree-raht_r06,4.344262295081967,0.6985992050053285,0.1789195641050968
p15,p15_vpcc_r00,1.8166666666666669,0.8658650138573697,0.2236766511755086
p15,p15_vpcc_r01,2.540983606557377,0.7803691957647151,0.1998618311427978
p15,p15_vpcc_r02,3.365079365079365,0.8223386569516584,0.2071033087476684
p15,p15_vpcc_r03,3.883333333333333,0.6080478782318232,0.1570754228206654
p15,p15_vpcc_r04,4.516129032258064,0.6154446460754487,0.1562936751779932
p15,p15_vpcc_r05,4.475409836065574,0.6679196323758478,0.1710621607149005
p20,p20_geocnn_r01,3.75,0.7664854858377946,0.1980041968470989
p20,p20_geocnn_r02,4.306451612903226,0.6620766371539929,0.1681359835204393
p20,p20_geocnn_r03,4.416666666666667,0.7369230323144715,0.1903674053163144
p20,p20_geocnn_r04,4.423728813559322,0.7411258003076424,0.1931384353693314
p20,p20_gpcc-octree-predlift_r02,1.7288135593220335,0.9885875641639112,0.2576273222291537
p20,p20_gpcc-octree-predlift_r03,2.5806451612903225,0.9254185992116808,0.2350123197450523
p20,p20_gpcc-octree-predlift_r04,3.9491525423728815,0.6489555836975136,0.1691187461123346
p20,p20_gpcc-octree-predlift_r05,4.451612903225806,0.7334720645743276,0.1862670271708861
p20,p20_gpcc-octree-predlift_r06,4.5423728813559325,0.6720077153084408,0.175126164325834
p20,p20_gpcc-octree-raht_r02,1.5,0.7127864449672372,0.1810138634097868
p20,p20_gpcc-octree-raht_r03,2.6666666666666665,0.9428090415820636,0.243553401216191
p20,p20_gpcc-octree-raht_r04,3.7627118644067794,0.6971852136001063,0.1816874561126639
p20,p20_gpcc-octree-raht_r05,4.360655737704918,0.6536853127008814,0.1674165821723967
p20,p20_gpcc-octree-raht_r06,4.583333333333333,0.6400954789890506,0.1653541959560436
p20,p20_vpcc_r00,2.0806451612903225,0.988618898111094,0.2510621904366336
p20,p20_vpcc_r01,2.4262295081967213,1.0155999017530193,0.2601072122969899
p20,p20_vpcc_r02,3.0491803278688527,0.8763977970245022,0.2244558978922615
p20,p20_vpcc_r03,3.633333333333333,0.8359957469322973,0.2159606013387056
p20,p20_vpcc_r04,4.133333333333333,0.6446359868604569,0.1665271335145064
p20,p20_vpcc_r05,4.661016949152542,0.5402500830681094,0.1407899383729632
p21,p21_geocnn_r01,4.0,0.8025383458814721,0.2091426319028399
p21,p21_geocnn_r02,4.39344262295082,0.6598233376228889,0.1689886033479768
p21,p21_geocnn_r03,4.440677966101695,0.5900642435772612,0.1537715792981349
p21,p21_geocnn_r04,4.724137931034483,0.6641848373882142,0.1746385004050928
p21,p21_gpcc-octree-predlift_r02,1.80327868852459,0.8061174329930652,0.2064562608935959
p21,p21_gpcc-octree-predlift_r03,2.7580645161290325,0.9450291661477586,0.2399924712473986
p21,p21_gpcc-octree-predlift_r04,4.266666666666667,0.7272474743090475,0.1878679436470338
p21,p21_gpcc-octree-predlift_r05,4.573770491803279,0.6391340553973089,0.1636898321342021
p21,p21_gpcc-octree-predlift_r06,4.7,0.556776436283002,0.1438306049188984
p21,p21_gpcc-octree-raht_r02,1.7540983606557377,0.8991022426755466,0.2302707764235099
p21,p21_gpcc-octree-raht_r03,2.9827586206896552,0.8198271329633616,0.2155625558317943
p21,p21_gpcc-octree-raht_r04,3.9,0.7234178138070239,0.1868786374358778
p21,p21_gpcc-octree-raht_r05,4.52542372881356,0.6728621437721763,0.1753488295960923
p21,p21_gpcc-octree-raht_r06,4.716666666666667,0.5193478816960956,0.1341617840122276
p21,p21_vpcc_r00,2.3728813559322037,1.0560287792166243,0.2752025985847748
p21,p21_vpcc_r01,3.0163934426229506,0.858741039587462,0.2199337923394494
p21,p21_vpcc_r02,3.586206896551724,0.8516613127743771,0.2239329267148205
p21,p21_vpcc_r03,4.216666666666667,0.8581310441237336,0.2216787549415381
p21,p21_vpcc_r04,4.716666666666667,0.4506168611531922,0.1164066787003456
p21,p21_vpcc_r05,4.786885245901639,0.4477541076638577,0.1146751516398776
p22,p22_geocnn_r01,3.915254237288136,0.765531511229574,0.1994985982722845
p22,p22_geocnn_r02,4.6,0.6879922480183431,0.177727243402402
p22,p22_geocnn_r03,4.716666666666667,0.4861984048604937,0.1255983661028063
p22,p22_geocnn_r04,4.793103448275862,0.4827586206896549,0.126934908520946
p22,p22_gpcc-octree-predlift_r02,1.5344827586206895,0.7477671876621185,0.1966153590903448
p22,p22_gpcc-octree-predlift_r03,3.096774193548387,0.8927969356837446,0.2267279683972692
p22,p22_gpcc-octree-predlift_r04,4.45,0.6934214687571572,0.1791297598384692
p22,p22_gpcc-octree-predlift_r05,4.568965517241379,0.7453781490074928,0.1959871933982548
p22,p22_gpcc-octree-predlift_r06,4.706896551724138,0.4916061182545951,0.1292612394157534
p22,p22_gpcc-octree-raht_r02,1.4,0.6879922480183431,0.177727243402402
p22,p22_gpcc-octree-raht_r03,2.639344262295082,0.958701083095964,0.2455347482013034
p22,p22_gpcc-octree-raht_r04,4.413793103448276,0.5581522088358154,0.1467586419650577
p22,p22_gpcc-octree-raht_r05,4.590163934426229,0.8173738270372398,0.2093391572687265
p22,p22_gpcc-octree-raht_r06,4.661290322580645,0.7393010733139251,0.1877473182163372
p22,p22_vpcc_r00,2.033333333333333,0.8556998435328956,0.2210507092325748
p22,p22_vpcc_r01,2.721311475409836,0.9773022007074672,0.2502987156250746
p22,p22_vpcc_r02,3.733333333333333,0.9463379711052256,0.2444650203777724
p22,p22_vpcc_r03,4.6,0.4898979485566356,0.1265540595787951
p22,p22_vpcc_r04,4.7,0.556776436283002,0.1438306049188984
p22,p22_vpcc_r05,4.661290322580645,0.5941529179481891,0.1508865886737552
p23,p23_geocnn_r01,4.15,0.872257607208635,0.2253280331464325
p23,p23_geocnn_r02,4.622950819672131,0.7717116259632674,0.1976445245613043
p23,p23_geocnn_r03,4.426229508196721,0.7565889022435626,0.1937714151780911
p23,p23_geocnn_r04,4.779661016949152,0.4535284122121916,0.1181901478721151
p23,p23_gpcc-octree-predlift_r02,2.2203389830508478,0.9578895695555794,0.2496273812674866
p23,p23_gpcc-octree-predlift_r03,3.3728813559322037,0.7568513071785119,0.1972365247775921
p23,p23_gpcc-octree-predlift_r04,4.60655737704918,0.5515607816806797,0.1412612753188303
p23,p23_gpcc-octree-predlift_r05,4.704918032786885,0.5230510207719287,0.1339595865135942
p23,p23_gpcc-octree-predlift_r06,4.573770491803279,0.7987493583658907,0.2045692093608393
p23,p23_gpcc-octree-raht_r02,1.721311475409836,0.8124269962861549,0.208072215085935
p23,p23_gpcc-octree-raht_r03,3.169491525423729,0.7625235172340336,0.1987147107680877
p23,p23_gpcc-octree-raht_r04,4.5344827586206895,0.5637166456645455,0.1482217360446961
p23,p23_gpcc-octree-raht_r05,4.60655737704918,0.6081061308521775,0.1557432116758259
p23,p23_gpcc-octree-raht_r06,4.741935483870968,0.5661267346704593,0.1437692707904643
p23,p23_vpcc_r00,2.4166666666666665,0.8424501304066742,0.2176279453910072
p23,p23_vpcc_r01,3.327586206896552,0.8587868555456736,0.2258064926773392
p23,p23_vpcc_r02,3.95,0.8251262529657709,0.2131527133059348
p23,p23_vpcc_r03,4.360655737704918,0.6536853127008816,0.1674165821723968
p23,p23_vpcc_r04,4.770491803278689,0.4923494235305309,0.1260965423583704
p23,p23_vpcc_r05,4.491803278688525,0.7157009820637074,0.1832995325831376
p24,p24_geocnn_r01,4.237288135593221,0.6467384416386073,0.1685409557452054
p24,p24_geocnn_r02,4.557377049180328,0.6659047872652428,0.1705461349216475
p24,p24_geocnn_r03,4.559322033898305,0.6955350687689216,0.181257426027764
p24,p24_geocnn_r04,4.655737704918033,0.5974054805996262,0.1530026478946046
p24,p24_gpcc-octree-predlift_r02,1.5737704918032789,0.8387933642928544,0.2148249554798456
p24,p24_gpcc-octree-predlift_r03,2.9166666666666665,0.8998456657795392,0.2324547843776471
p24,p24_gpcc-octree-predlift_r04,4.163934426229508,0.7505261076891537,0.1922186613942884
p24,p24_gpcc-octree-predlift_r05,4.524590163934426,0.616881564663173,0.1579907046317969
p24,p24_gpcc-octree-predlift_r06,4.557377049180328,0.6900841042573506,0.176738745542431
p24,p24_gpcc-octree-raht_r02,1.35,0.7029698902987708,0.1815963786765784
p24,p24_gpcc-octree-raht_r03,2.442622950819672,0.8967078249952357,0.2296575375812992
p24,p24_gpcc-octree-raht_r04,3.721311475409836,0.7494511115188496,0.1919433420912784
p24,p24_gpcc-octree-raht_r05,4.4,0.8793937305515275,0.2271714892812435
p24,p24_gpcc-octree-raht_r06,4.655737704918033,0.5974054805996261,0.1530026478946046
p24,p24_vpcc_r00,1.80327868852459,0.845812678000946,0.2166226851937794
p24,p24_vpcc_r01,2.4166666666666665,0.9711104754638143,0.2508644368312389
p24,p24_vpcc_r02,3.067796610169492,0.9363543943683476,0.2440152840508739
p24,p24_vpcc_r03,4.120689655172414,0.7895346994382972,0.2075975664694339
p24,p24_vpcc_r04,4.4,0.6633249580710798,0.1713550067134532
p24,p24_vpcc_r05,4.583333333333333,0.6400954789890505,0.1653541959560436
p25,p25_geocnn_r01,4.409836065573771,0.6622626189089882,0.1696133322931454
p25,p25_geocnn_r02,4.557377049180328,0.5874253399071778,0.1504466151799857
p25,p25_geocnn_r03,4.721311475409836,0.5471580087960206,0.1401336728255367
p25,p25_geocnn_r04,4.629032258064516,0.6282045836822722,0.1595340925840581
p25,p25_gpcc-octree-predlift_r02,1.6557377049180326,0.7657685714181418,0.1961224376178206
p25,p25_gpcc-octree-predlift_r03,3.0491803278688527,0.7980761603041365,0.2043967953315898
p25,p25_gpcc-octree-predlift_r04,4.275862068965517,0.7379632606563,0.1940375478938263
p25,p25_gpcc-octree-predlift_r05,4.55,0.6171169527191207,0.1594182131841921
p25,p25_gpcc-octree-predlift_r06,4.709677419354839,0.5502813583623222,0.1397452986695444
p25,p25_gpcc-octree-raht_r02,1.5666666666666669,0.8034647195462629,0.2075569458629047
p25,p25_gpcc-octree-raht_r03,2.7049180327868854,0.8934050225205709,0.2288116505907926
p25,p25_gpcc-octree-raht_r04,4.0,0.6475761258027333,0.1644535431490744
p25,p25_gpcc-octree-raht_r05,4.483333333333333,0.7186020379103364,0.1856345906062409
p25,p25_gpcc-octree-raht_r06,4.819672131147541,0.4249666031742859,0.1088390007523512
p25,p25_vpcc_r00,2.0517241379310347,0.8594788676285873,0.225988447978965
p25,p25_vpcc_r01,2.603448275862069,0.908573250086579,0.2388971577960884
p25,p25_vpcc_r02,3.4098360655737707,0.9645698808757808,0.2470378171041341
p25,p25_vpcc_r03,4.293103448275862,0.7880272332432025,0.207201198439176
p25,p25_vpcc_r04,4.633333333333334,0.6046119049072349,0.1561878167914664
p25,p25_vpcc_r05,4.688524590163935,0.6412330234625552,0.1642274028165243
p26,p26_geocnn_r01,3.4915254237288136,0.78918282893714,0.2056621652329356
p26,p26_geocnn_r02,3.7666666666666666,0.6420453428086076,0.1658578991920294
p26,p26_geocnn_r03,4.016393442622951,0.7126906596486611,0.1825285532140561
p26,p26_geocnn_r04,4.274193548387097,0.6002514214815612,0.1524353185821146
p26,p26_gpcc-octree-predlift_r02,1.3333333333333337,0.734630886692453,0.1850143928612423
p26,p26_gpcc-octree-predlift_r03,2.6779661016949152,0.981881244607474,0.2558796458351065
p26,p26_gpcc-octree-predlift_r04,4.114754098360656,0.7035824175040963,0.1801958240861196
p26,p26_gpcc-octree-predlift_r05,4.423728813559322,0.7636529034622922,0.1990090304220021
p26,p26_gpcc-octree-predlift_r06,4.603448275862069,0.7177468378102981,0.1887219104829147
p26,p26_gpcc-octree-raht_r02,1.1379310344827585,0.3448275862068964,0.0906677918006757
p26,p26_gpcc-octree-raht_r03,2.0491803278688523,0.8183596048753234,0.2095916266958754
p26,p26_gpcc-octree-raht_r04,3.916666666666667,0.6902093080282884,0.1782999707335023
p26,p26_gpcc-octree-raht_r05,4.533333333333333,0.561743318211757,0.1451136865757709
p26,p26_gpcc-octree-raht_r06,4.55,0.5605057240266748,0.1447939820971245
p26,p26_vpcc_r00,1.8852459016393444,0.9933939283634836,0.2544199984397185
p26,p26_vpcc_r01,2.9344262295081966,0.8467653488619644,0.2168666755303956
p26,p26_vpcc_r02,3.4833333333333334,0.7851043808875914,0.2028139674541519
p26,p26_vpcc_r03,4.131147540983607,0.6395544001026608,0.1637974874119589
p26,p26_vpcc_r04,4.616666666666666,0.660597372753547,0.170650396710904
p26,p26_vpcc_r05,4.637931034482759,0.5152259585339287,0.1354717598221078
p27,p27_geocnn_r01,3.5166666666666666,1.0245595259535782,0.2646717906689936
p27,p27_geocnn_r02,4.459016393442623,0.7803691957647152,0.1998618311427979
p27,p27_geocnn_r03,4.448275862068965,0.6990736183694238,0.1838120377226255
p27,p27_geocnn_r04,4.622950819672131,0.6569660626070123,0.1682568212378539
p27,p27_gpcc-octree-predlift_r02,1.389830508474576,0.7134767857575997,0.1859330629379811
p27,p27_gpcc-octree-predlift_r03,3.129032258064516,0.8516373408028445,0.2162753884718528
p27,p27_gpcc-octree-predlift_r04,4.396551724137931,0.7177468378102981,0.1887219104829147
p27,p27_gpcc-octree-predlift_r05,4.491525423728813,0.6476262093065355,0.1687723092593915
p27,p27_gpcc-octree-predlift_r06,4.516666666666667,0.7414325473178405,0.1915323365679949
p27,p27_gpcc-octree-raht_r02,1.220338983050847,0.5841928115123424,0.1522414757692535
p27,p27_gpcc-octree-raht_r03,2.8813559322033897,0.9221335938125724,0.240309323243813
p27,p27_gpcc-octree-raht_r04,3.8793103448275854,0.9299163144939174,0.2445090305043001
p27,p27_gpcc-octree-raht_r05,4.645161290322581,0.511063855411447,0.1297859177462036
p27,p27_gpcc-octree-raht_r06,4.566666666666666,0.6420453428086076,0.1658578991920294
p27,p27_vpcc_r00,2.711864406779661,0.9575896197847816,0.2495492139315267
p27,p27_vpcc_r01,3.3833333333333333,0.8384840818736843,0.216603406415461
p27,p27_vpcc_r02,3.901639344262295,0.862799827340378,0.2209732961498514
p27,p27_vpcc_r03,4.413793103448276,0.6956634828217934,0.1829153882890761
p27,p27_vpcc_r04,4.596774193548387,0.6339756131301143,0.1609996596463688
p27,p27_vpcc_r05,4.576271186440678,0.6431751173223824,0.1676123483713109
p28,p28_geocnn_r01,4.032786885245901,0.8291258109115924,0.2123489800928925
p28,p28_geocnn_r02,4.383333333333333,0.6348665651580303,0.1640034242811407
p28,p28_geocnn_r03,4.566666666666666,0.6420453428086076,0.1658578991920294
p28,p28_geocnn_r04,4.65,0.6006940430313366,0.1551757257493937
p28,p28_gpcc-octree-predlift_r02,1.3389830508474576,0.5079092902973454,0.1323618818786996
p28,p28_gpcc-octree-predlift_r03,3.2131147540983607,0.7916522273868618,0.2027515497184197
p28,p28_gpcc-octree-predlift_r04,4.338983050847458,0.7726285640706088,0.2013481003148284
p28,p28_gpcc-octree-predlift_r05,4.67741935483871,0.5615127479202969,0.1425975375549834
p28,p28_gpcc-octree-predlift_r06,4.754098360655738,0.618187135572616,0.1583250768674825
p28,p28_gpcc-octree-raht_r02,1.2666666666666666,0.7272474743090479,0.1878679436470339
p28,p28_gpcc-octree-raht_r03,2.983050847457627,0.7700214706169861,0.2006686880608152
p28,p28_gpcc-octree-raht_r04,4.360655737704918,0.6536853127008814,0.1674165821723967
p28,p28_gpcc-octree-raht_r05,4.583333333333333,0.5565269285687998,0.1437661502417119
p28,p28_gpcc-octree-raht_r06,4.766666666666667,0.4606758320361748,0.1190051864184876
p28,p28_vpcc_r00,2.838709677419355,0.7868587688806754,0.1998247114807387
p28,p28_vpcc_r01,3.3220338983050848,0.7689014387941533,0.2003768061782307
p28,p28_vpcc_r02,3.862068965517241,0.6551724137931034,0.1722688044212839
p28,p28_vpcc_r03,4.694915254237288,0.4958894521467049,0.1292294949980328
p28,p28_vpcc_r04,4.7,0.6137317546507323,0.1585437237945242
p28,p28_vpcc_r05,4.783333333333333,0.5193478816960961,0.1341617840122277
p33,p33_geocnn_r01,2.2666666666666666,0.8537498983243798,0.2205469849715916
p33,p33_geocnn_r02,3.0166666666666666,1.0406995510499442,0.2688412012649487
p33,p33_geocnn_r03,3.7,0.8225975119502044,0.2124994702334006
p33,p33_geocnn_r04,4.344262295081967,0.807449859411459,0.2067975111444881
p33,p33_gpcc-octree-predlift_r02,1.4833333333333334,0.6950219820664345,0.1795432162681108
p33,p33_gpcc-octree-predlift_r03,2.7096774193548385,0.7908161723955655,0.2008297037955612
p33,p33_gpcc-octree-predlift_r04,3.898305084745763,0.6560000840801233,0.1709545529096302
p33,p33_gpcc-octree-predlift_r05,4.237288135593221,0.830335506028196,0.2163866112869342
p33,p33_gpcc-octree-predlift_r06,4.295081967213115,0.7755328637714671,0.1986231890059336
p33,p33_gpcc-octree-raht_r02,1.65,0.89116029235299,0.2302111145085937
p33,p33_gpcc-octree-raht_r03,2.5172413793103448,0.914280936797438,0.240397917512143
p33,p33_gpcc-octree-raht_r04,3.633333333333333,0.7063206700139029,0.1824619768627998
p33,p33_gpcc-octree-raht_r05,3.9827586206896552,0.6563057348508371,0.1725667960026311
p33,p33_gpcc-octree-raht_r06,4.338983050847458,0.7274326689449131,0.1895699859028489
p33,p33_vpcc_r00,1.85,0.8331666499966657,0.2152297681045576
p33,p33_vpcc_r01,2.033333333333333,0.8556998435328956,0.2210507092325748
p33,p33_vpcc_r02,2.55,0.8836477427874375,0.2282704171692627
p33,p33_vpcc_r03,2.534482758620689,0.8752441480342792,0.2301337171473224
p33,p33_vpcc_r04,2.6206896551724137,0.8675686638213188,0.2281155514540112
p33,p33_vpcc_r05,3.225806451612903,0.9404761120718224,0.2388362120137697
p35,p35_geocnn_r01,3.8166666666666655,0.8463975950396415,0.2186476836361205
p35,p35_geocnn_r02,4.39344262295082,0.6344918846020864,0.1625009169891065
p35,p35_geocnn_r03,4.47457627118644,0.5631609398588525,0.1467605401678247
p35,p35_geocnn_r04,4.724137931034483,0.5183895302887213,0.1363035786112168
p35,p35_gpcc-octree-predlift_r02,1.4500000000000002,0.9205976319760986,0.2378155856917863
p35,p35_gpcc-octree-predlift_r03,3.0491803278688527,0.7980761603041364,0.2043967953315898
p35,p35_gpcc-octree-predlift_r04,4.258620689655173,0.6313735663310537,0.1660112164756069
p35,p35_gpcc-octree-predlift_r05,4.551724137931035,0.6990736183694238,0.1838120377226255
p35,p35_gpcc-octree-predlift_r06,4.783333333333333,0.4119735698102756,0.1064240580150768
p35,p35_gpcc-octree-raht_r02,1.4827586206896552,0.8558395617924729,0.2250315412898063
p35,p35_gpcc-octree-raht_r03,2.283333333333333,0.9502923526765624,0.2454865454575379
p35,p35_gpcc-octree-raht_r04,4.135593220338983,0.7469174419162952,0.1946477453920709
p35,p35_gpcc-octree-raht_r05,4.694915254237288,0.5289656452314317,0.1378491978577987
p35,p35_gpcc-octree-raht_r06,4.779661016949152,0.414475229174152,0.1080128329479441
p35,p35_vpcc_r00,1.9836065573770492,0.8776235288081426,0.2247698223783866
p35,p35_vpcc_r01,2.774193548387097,0.850414601707359,0.215964870883901
p35,p35_vpcc_r02,3.5737704918032787,0.8387933642928546,0.2148249554798456
p35,p35_vpcc_r03,3.7704918032786887,0.8375108048816261,0.2144964767625042
p35,p35_vpcc_r04,4.133333333333333,0.7845734863959878,0.2026768228645116
p35,p35_vpcc_r05,4.633333333333334,0.6315765107165469,0.163153513096512
p36,p36_geocnn_r01,3.4745762711864407,1.0144035937250853,0.2643550161710241
p36,p36_geocnn_r02,4.237288135593221,0.8702032307114194,0.2267761969198413
p36,p36_geocnn_r03,4.508196721311475,0.8612410187910621,0.2205740667431063
p36,p36_geocnn_r04,4.590163934426229,0.5544765418127136,0.1420080361627029
p36,p36_gpcc-octree-predlift_r02,1.721311475409836,0.8708606547733392,0.2230377699143482
p36,p36_gpcc-octree-predlift_r03,4.068965517241379,0.8682536766906327,0.2282956664062368
p36,p36_gpcc-octree-predlift_r04,4.551724137931035,0.6739593201962782,0.1772085696444753
p36,p36_gpcc-octree-predlift_r05,4.590163934426229,0.8173738270372399,0.2093391572687265
p36,p36_gpcc-octree-predlift_r06,4.774193548387097,0.521144981335597,0.1323460443646816
p36,p36_gpcc-octree-raht_r02,1.5344827586206895,0.7243431564689654,0.1904563240586201
p36,p36_gpcc-octree-raht_r03,3.524590163934426,0.9513847953145514,0.2436609598955927
p36,p36_gpcc-octree-raht_r04,4.322033898305085,0.7689014387941533,0.2003768061782307
p36,p36_gpcc-octree-raht_r05,4.60655737704918,0.8153986960948126,0.2088333027462226
p36,p36_gpcc-octree-raht_r06,4.483333333333333,0.7635807459303541,0.1972538229612923
p36,p36_vpcc_r00,2.3492063492063493,0.9112825456766556,0.2295035370381818
p36,p36_vpcc_r01,2.9166666666666665,0.8224286527650218,0.2124558492804144
p36,p36_vpcc_r02,3.6557377049180326,0.8662193320408463,0.2218490719682027
p36,p36_vpcc_r03,4.067796610169491,0.6603647369077341,0.1720919876308411
p36,p36_vpcc_r04,4.216666666666667,0.6853628398317366,0.1770479952420756
p36,p36_vpcc_r05,4.379310344827586,0.6905167032586478,0.1815621115892378
p40,p40_geocnn_r01,4.271186440677966,0.6847121992109884,0.1784369708611001
p40,p40_geocnn_r02,4.475409836065574,0.8609289183934998,0.2204941341198099
p40,p40_geocnn_r03,4.614035087719298,0.6689710864890396,0.1775019215020429
p40,p40_geocnn_r04,4.566666666666666,0.7156970184527964,0.184884144504986
p40,p40_gpcc-octree-predlift_r02,1.6065573770491803,0.9282221420912824,0.2377287289561183
p40,p40_gpcc-octree-predlift_r03,3.068965517241379,0.806483831967345,0.2120541136855366
p40,p40_gpcc-octree-predlift_r04,4.559322033898305,0.5295084526038409,0.1379906542294032
p40,p40_gpcc-octree-predlift_r05,4.587301587301587,0.7482237301201697,0.1884377061463122
p40,p40_gpcc-octree-predlift_r06,4.433333333333334,0.882546819658248,0.2279860185680977
p40,p40_gpcc-octree-raht_r02,1.2711864406779665,0.481188798867064,0.1253984838901234
p40,p40_gpcc-octree-raht_r03,2.847457627118644,0.9171355429470296,0.2390068240949957
p40,p40_gpcc-octree-raht_r04,4.379310344827586,0.6386296268086943,0.1679191003195784
p40,p40_gpcc-octree-raht_r05,4.622950819672131,0.5481394589278847,0.1403850338756579
p40,p40_gpcc-octree-raht_r06,4.672131147540983,0.592889879345086,0.1518461487140357
p40,p40_vpcc_r00,1.721311475409836,0.925612735311023,0.2370604288487723
p40,p40_vpcc_r01,2.7096774193548385,0.9226032029725866,0.2342973429748483
p40,p40_vpcc_r02,4.209677419354839,0.6509818087293727,0.1653184246692723
p40,p40_vpcc_r03,4.442622950819672,0.6659047872652428,0.1705461349216475
p40,p40_vpcc_r04,4.459016393442623,0.8011010965816798,0.2051715174846441
p40,p40_vpcc_r05,4.573770491803279,0.7119360901838839,0.1823352990008281
p41,p41_geocnn_r01,4.229508196721311,0.7331370418032098,0.1877651148310853
p41,p41_geocnn_r02,4.456140350877193,0.6507802452979442,0.172675241649399
p41,p41_geocnn_r03,4.688524590163935,0.463096619404116,0.1186045513488616
p41,p41_geocnn_r04,4.693548387096774,0.5263602861961523,0.1336704838070062
p41,p41_gpcc-octree-predlift_r02,1.406779661016949,0.5856661879041015,0.1526254397479685
p41,p41_gpcc-octree-predlift_r03,3.103448275862069,0.7810173553728365,0.2053580450120103
p41,p41_gpcc-octree-predlift_r04,4.409836065573771,0.5832933401526947,0.1493883609053493
p41,p41_gpcc-octree-predlift_r05,4.35,0.7029698902987711,0.1815963786765785
p41,p41_gpcc-octree-predlift_r06,4.8,0.3999999999999999,0.1033309569486099
p41,p41_gpcc-octree-raht_r02,1.4310344827586206,0.646264303930735,0.1699265363353015
p41,p41_gpcc-octree-raht_r03,2.833333333333333,0.819891591749923,0.2118004569240965
p41,p41_gpcc-octree-raht_r04,4.333333333333333,0.6236095644623233,0.1610954326454943
p41,p41_gpcc-octree-raht_r05,4.639344262295082,0.5442030384491091,0.1393768697793482
p41,p41_gpcc-octree-raht_r06,4.754385964912281,0.4694416898336722,0.1245596463906487
p41,p41_vpcc_r00,2.155172413793104,0.8670545490124247,0.2279803718560933
p41,p41_vpcc_r01,3.135593220338983,0.7238697120021227,0.1886414742669928
p41,p41_vpcc_r02,3.918032786885246,0.8157282166967039,0.2089176968910078
p41,p41_vpcc_r03,4.370967741935484,0.7236527185217597,0.1837733801919306
p41,p41_vpcc_r04,4.557377049180328,0.6659047872652428,0.1705461349216475
p41,p41_vpcc_r05,4.516666666666667,0.67061331795769,0.1732377897176264
p43,p43_geocnn_r01,4.431034482758621,0.6462643039307349,0.1699265363353014
p43,p43_geocnn_r02,4.551724137931035,0.6206896551724136,0.1632020252412163
p43,p43_geocnn_r03,4.711864406779661,0.5539028690972265,0.1443478737882481
p43,p43_geocnn_r04,4.819672131147541,0.5281640555274438,0.135269095518409
p43,p43_gpcc-octree-predlift_r02,2.1,0.8888194417315591,0.2296064086716282
p43,p43_gpcc-octree-predlift_r03,3.5,0.9144434900811116,0.2404406587192568
p43,p43_gpcc-octree-predlift_r04,4.101694915254237,0.933281349012624,0.2432144440698922
p43,p43_gpcc-octree-predlift_r05,4.629032258064516,0.5457717521189881,0.1386000731194144
p43,p43_gpcc-octree-predlift_r06,4.67741935483871,0.5895376413708731,0.1497145278835096
p43,p43_gpcc-octree-raht_r02,1.440677966101695,0.5900642435772611,0.1537715792981348
p43,p43_gpcc-octree-raht_r03,3.456140350877193,0.750909984527463,0.1992432375937637
p43,p43_gpcc-octree-raht_r04,4.216666666666667,0.8581310441237336,0.2216787549415381
p43,p43_gpcc-octree-raht_r05,4.610169491525424,0.5528646247559353,0.1440773058394265
p43,p43_gpcc-octree-raht_r06,4.737704918032787,0.508989334303607,0.1303582213882567
p43,p43_vpcc_r00,2.634920634920635,0.8783387512544077,0.2212067498570442
p43,p43_vpcc_r01,3.666666666666667,0.924962461700774,0.2389431407727074
p43,p43_vpcc_r02,3.9672131147540974,0.8677691978928552,0.2222460110438215
p43,p43_vpcc_r03,4.406779661016949,0.6668581550137631,0.1737841816047612
p43,p43_vpcc_r04,4.683333333333334,0.6452820227535306,0.1666940222821425
p43,p43_vpcc_r05,4.639344262295082,0.6536853127008814,0.1674165821723967
p44,p44_geocnn_r01,3.833333333333333,0.7993052538854534,0.2064824419450888
p44,p44_geocnn_r02,4.305084745762712,0.6951219204884701,0.1811497589995364
p44,p44_geocnn_r03,4.377049180327869,0.6814626128139845,0.174530679057484
p44,p44_geocnn_r04,4.557377049180328,0.6659047872652428,0.1705461349216475
p44,p44_gpcc-octree-predlift_r02,1.8852459016393444,0.8511970482457165,0.2180016864440993
p44,p44_gpcc-octree-predlift_r03,3.2666666666666666,0.8339997335464532,0.2154449764056018
p44,p44_gpcc-octree-predlift_r04,4.274193548387097,0.5727509969214419,0.1454515184128151
p44,p44_gpcc-octree-predlift_r05,4.637931034482759,0.4805986160264259,0.126366964246973
p44,p44_gpcc-octree-predlift_r06,4.716666666666667,0.4506168611531922,0.1164066787003456
p44,p44_gpcc-octree-raht_r02,1.3275862068965516,0.6535824627939606,0.1718507481174096
p44,p44_gpcc-octree-raht_r03,2.80327868852459,0.8262034864494523,0.211600538046017
p44,p44_gpcc-octree-raht_r04,4.19672131147541,0.6970587418186658,0.1785250331638892
p44,p44_gpcc-octree-raht_r05,4.459016393442623,0.588796229379278,0.1507977162763326
p44,p44_gpcc-octree-raht_r06,4.483333333333333,0.7414325473178407,0.191532336567995
p44,p44_vpcc_r00,2.2333333333333334,0.8634555897992412,0.223054230941455
p44,p44_vpcc_r01,3.180327868852459,0.8397539983518493,0.2150709852861614
p44,p44_vpcc_r02,3.721311475409836,0.6561474129898192,0.1680471553355546
p44,p44_vpcc_r03,4.35,0.8529361054615989,0.2203367599834188
p44,p44_vpcc_r04,4.55,0.5605057240266746,0.1447939820971244
p44,p44_vpcc_r05,4.532258064516129,0.6652126008806865,0.1689323691892321
p45,p45_geocnn_r01,3.459016393442623,0.8410331369429942,0.2153985878907992
p45,p45_geocnn_r02,4.032786885245901,0.7675213056209588,0.1965713336905806
p45,p45_geocnn_r03,4.1803278688524586,0.8590539348573053,0.2200139285389896
p45,p45_geocnn_r04,4.483333333333333,0.5913731666403389,0.15276788805669
p45,p45_gpcc-octree-predlift_r02,1.406779661016949,0.6668581550137624,0.173784181604761
p45,p45_gpcc-octree-predlift_r03,2.7419354838709675,0.9321408565677348,0.2367194534643391
p45,p45_gpcc-octree-predlift_r04,4.129032258064516,0.8516373408028447,0.2162753884718529
p45,p45_gpcc-octree-predlift_r05,4.5,0.7187952884282609,0.1856845125086108
p45,p45_gpcc-octree-predlift_r06,3.915254237288136,1.1972869838948714,0.3120146871982226
p45,p45_gpcc-octree-raht_r02,1.4285714285714284,0.8109231602822098,0.2042283531423894
p45,p45_gpcc-octree-raht_r03,2.583333333333333,0.8620067027323836,0.2226799437236329
p45,p45_gpcc-octree-raht_r04,4.333333333333333,0.7226494462892931,0.1866801470586394
p45,p45_gpcc-octree-raht_r05,4.666666666666667,0.5055250296034366,0.1305909626759937
p45,p45_gpcc-octree-raht_r06,4.633333333333334,0.5153208277913435,0.1331214856780734
p45,p45_vpcc_r00,2.3389830508474576,0.9497576763472474,0.2475081983565749
p45,p45_vpcc_r01,3.5666666666666664,0.882546819658248,0.2279860185680977
p45,p45_vpcc_r02,4.385964912280702,0.6689710864890395,0.1775019215020428
p45,p45_vpcc_r03,4.5,0.6897872509788096,0.1751731617682906
p45,p45_vpcc_r04,4.396551724137931,0.8081408031212388,0.2124897920407794
p45,p45_vpcc_r05,4.573770491803279,0.6129481670767185,0.1569833147341587
p46,p46_geocnn_r01,4.096774193548387,0.6888437581955683,0.1749335594652451
p46,p46_geocnn_r02,4.295081967213115,0.7540983606557377,0.1931335578600659
p46,p46_geocnn_r03,4.557377049180328,0.5588216573462071,0.143120871922705
p46,p46_geocnn_r04,4.532258064516129,0.6405074081182188,0.1626584249808468
p46,p46_gpcc-octree-predlift_r02,2.39344262295082,1.0126849319003606,0.2593606538530633
p46,p46_gpcc-octree-predlift_r03,3.4745762711864407,0.8508407049499074,0.2217302952270053
p46,p46_gpcc-octree-predlift_r04,4.25,0.673918887305191,0.1740917088274695
p46,p46_gpcc-octree-predlift_r05,4.416666666666667,0.5857094463601861,0.1513047939655964
p46,p46_gpcc-octree-predlift_r06,4.568965517241379,0.6724137931034483,0.1768021940113177
p46,p46_gpcc-octree-raht_r02,2.067796610169492,0.880377553438681,0.2294276398620115
p46,p46_gpcc-octree-raht_r03,3.5666666666666664,0.8634555897992409,0.223054230941455
p46,p46_gpcc-octree-raht_r04,4.081967213114754,0.7081511825067273,0.1813659391347949
p46,p46_gpcc-octree-raht_r05,4.491228070175438,0.6785641966952184,0.1800473162570156
p46,p46_gpcc-octree-raht_r06,4.459016393442623,0.6160096468215063,0.1577673961037472
p46,p46_vpcc_r00,2.8813559322033897,0.845421282260334,0.2203179859828327
p46,p46_vpcc_r01,3.163934426229508,0.7054896652901642,0.1806842929250171
p46,p46_vpcc_r02,3.4333333333333336,0.882546819658248,0.2279860185680977
p46,p46_vpcc_r03,3.6833333333333336,0.6950219820664344,0.1795432162681108
p46,p46_vpcc_r04,3.898305084745763,0.8771084090125838,0.2285756961849857
p46,p46_vpcc_r05,4.416666666666667,0.585709446360186,0.1513047939655964
p48,p48_geocnn_r01,3.9193548387096775,0.8853354949428036,0.2248331172470302
p48,p48_geocnn_r02,4.383333333333333,0.7765665171481161,0.2006084033779099
p48,p48_geocnn_r03,4.5,0.7981834213973305,0.2027006347229481
p48,p48_geocnn_r04,4.6,0.6377042156569664,0.1647364671349927
p48,p48_gpcc-octree-predlift_r02,1.5517241379310347,0.7695142622214276,0.2023334608527547
p48,p48_gpcc-octree-predlift_r03,3.4833333333333334,0.7414325473178406,0.191532336567995
p48,p48_gpcc-octree-predlift_r04,4.245901639344263,0.7164515863413818,0.1834917712647947
p48,p48_gpcc-octree-predlift_r05,4.45,0.7836878630339165,0.2024480420907644
p48,p48_gpcc-octree-predlift_r06,4.661290322580645,0.5663564472928851,0.1438276068735267
p48,p48_gpcc-octree-raht_r02,1.6065573770491803,0.7077715785220625,0.1812687180400926
p48,p48_gpcc-octree-raht_r03,3.169491525423729,0.9768948102365804,0.2545801739612808
p48,p48_gpcc-octree-raht_r04,4.183333333333334,0.6189148209209047,0.1598826517885866
p48,p48_gpcc-octree-raht_r05,4.416666666666667,0.7592027982620252,0.1961228791561939
p48,p48_gpcc-octree-raht_r06,4.516666666666667,0.7414325473178401,0.1915323365679949
p48,p48_vpcc_r00,1.8644067796610169,0.8327537963754744,0.2170168211834838
p48,p48_vpcc_r01,2.830508474576271,0.9593879117345698,0.2500178513657857
p48,p48_vpcc_r02,3.295081967213114,0.98087051158371,0.2512126024746366
p48,p48_vpcc_r03,3.847457627118644,0.819540162965192,0.2135733295639146
p48,p48_vpcc_r04,4.131147540983607,0.799085744718291,0.204655361905977
p48,p48_vpcc_r05,4.483870967741936,0.6154446460754487,0.1562936751779932
p49,p49_geocnn_r01,3.4333333333333336,0.9551032521262932,0.2467293325673484
p49,p49_geocnn_r02,4.147540983606557,0.7858599878168446,0.2012680882835446
p49,p49_geocnn_r03,3.983333333333333,0.7635807459303536,0.1972538229612921
p49,p49_geocnn_r04,4.524590163934426,0.5897083852001622,0.1510313302293677
p49,p49_gpcc-octree-predlift_r02,1.4833333333333334,0.7186020379103362,0.1856345906062408
p49,p49_gpcc-octree-predlift_r03,2.721311475409836,0.9077290622889918,0.2324802075161765
p49,p49_gpcc-octree-predlift_r04,3.85,0.7921489758877431,0.2046337793108546
p49,p49_gpcc-octree-predlift_r05,4.491803278688525,0.6924167895718976,0.1773361739916516
p49,p49_gpcc-octree-predlift_r06,4.52542372881356,0.6975971399070059,0.1817948046928496
p49,p49_gpcc-octree-raht_r02,1.6333333333333333,0.9122621455602676,0.2356623012218364
p49,p49_gpcc-octree-raht_r03,2.6451612903225805,0.8631669780812677,0.2192033680963487
p49,p49_gpcc-octree-raht_r04,3.7377049180327866,0.74441393703231,0.1906532618034743
p49,p49_gpcc-octree-raht_r05,4.311475409836065,0.736428768695613,0.1886081652332645
p49,p49_gpcc-octree-raht_r06,4.389830508474576,0.6111103856718626,0.1592562337967701
p49,p49_vpcc_r00,1.9193548387096773,0.789004826363549,0.2003697080344993
p49,p49_vpcc_r01,2.7580645161290325,0.8168682104581035,0.2074456826665056
p49,p49_vpcc_r02,3.694915254237288,0.828603834683411,0.2159353352768873
p49,p49_vpcc_r03,4.133333333333333,0.7845734863959878,0.2026768228645116
p49,p49_vpcc_r04,4.508196721311475,0.7601326635652217,0.1946790145947823
p49,p49_vpcc_r05,4.366666666666667,0.982626864865579,0.2538394356749318
p50,p50_geocnn_r01,4.327586206896552,0.626647649840905,0.164768600079658
p50,p50_geocnn_r02,4.610169491525424,0.5827157097515623,0.1518565409540846
p50,p50_geocnn_r03,4.580645161290323,0.6103512234975645,0.1550001880398591
p50,p50_geocnn_r04,4.777777777777778,0.4157397096415492,0.1047026899644112
p50,p50_gpcc-octree-predlift_r02,1.7666666666666666,0.9374907406950156,0.2421795384161928
p50,p50_gpcc-octree-predlift_r03,3.114754098360656,0.9425873122272168,0.2414078198577424
p50,p50_gpcc-octree-predlift_r04,3.9344262295081966,0.67432668200666,0.1727030823176324
p50,p50_gpcc-octree-predlift_r05,4.333333333333333,0.6749485577105527,0.1743577008982888
p50,p50_gpcc-octree-predlift_r06,4.60655737704918,0.659823337622889,0.1689886033479768
p50,p50_gpcc-octree-raht_r02,1.4516129032258065,0.6880880325065015,0.1747416410756322
p50,p50_gpcc-octree-raht_r03,2.639344262295082,0.8304213207812422,0.2126807755766418
p50,p50_gpcc-octree-raht_r04,3.931034482758621,0.8275862068965515,0.2176027003216218
p50,p50_gpcc-octree-raht_r05,4.293103448275862,0.7194015877594848,0.1891570048021524
p50,p50_gpcc-octree-raht_r06,4.573770491803279,0.6129481670767185,0.1569833147341587
p50,p50_vpcc_r00,1.8833333333333333,0.9676718911329856,0.2499761563076063
p50,p50_vpcc_r01,2.7796610169491527,0.9218220095516712,0.2402281239432203
p50,p50_vpcc_r02,3.4745762711864407,0.908638993469845,0.2367926112428991
p50,p50_vpcc_r03,4.155172413793103,0.7144258398310571,0.1878486985781931
p50,p50_vpcc_r04,4.5,0.5608173758294746,0.1424209461094588
p50,p50_vpcc_r05,4.603448275862069,0.5552152478656764,0.1459864074443326
p51,p51_geocnn_r01,3.593220338983051,0.7617696628557369,0.19851825524723
p51,p51_geocnn_r02,3.918032786885246,0.8925021369715544,0.2285804108646243
p51,p51_geocnn_r03,4.15,0.909670269933012,0.2349927487496962
p51,p51_geocnn_r04,4.311475409836065,0.8004298764415541,0.204999610024645
p51,p51_gpcc-octree-predlift_r02,1.4237288135593222,0.7636529034622922,0.1990090304220021
p51,p51_gpcc-octree-predlift_r03,2.9661016949152543,1.057116347763571,0.2754860204915913
p51,p51_gpcc-octree-predlift_r04,4.081967213114754,0.854977364616741,0.2189698704220325
p51,p51_gpcc-octree-predlift_r05,4.080645161290323,0.9554324657819282,0.2426344146685831
p51,p51_gpcc-octree-predlift_r06,4.566666666666666,0.6155395104206463,0.1590107166286106
p51,p51_gpcc-octree-raht_r02,1.440677966101695,0.719491026331902,0.1875003825670823
p51,p51_gpcc-octree-raht_r03,2.933333333333333,0.8339997335464537,0.215444976405602
p51,p51_gpcc-octree-raht_r04,4.033898305084746,0.7803975886929723,0.2033727191572519
p51,p51_gpcc-octree-raht_r05,4.32258064516129,0.7782153601170854,0.1976296966563485
p51,p51_gpcc-octree-raht_r06,4.516666666666667,0.6452820227535311,0.1666940222821427
p51,p51_vpcc_r00,1.8833333333333333,0.8384840818736842,0.216603406415461
p51,p51_vpcc_r01,3.031746031746032,0.8722940739069258,0.2196844175814143
p51,p51_vpcc_r02,3.583333333333333,0.8998456657795397,0.2324547843776472
p51,p51_vpcc_r03,4.049180327868853,0.7980761603041366,0.2043967953315898
p51,p51_vpcc_r04,4.2,0.7483314773547882,0.1933145191745933
p51,p51_vpcc_r05,4.475409836065574,0.7597790312299322,0.1945884451483384
p52,p52_geocnn_r01,3.5666666666666664,0.7386173268720113,0.1908050880112729
p52,p52_geocnn_r02,4.233333333333333,0.8825468196582488,0.2279860185680979
p52,p52_geocnn_r03,4.419354838709677,0.685056792954687,0.1739718503675335
p52,p52_geocnn_r04,4.457627118644068,0.6462941005063598,0.1684251598155307
p52,p52_gpcc-octree-predlift_r02,1.3934426229508197,0.7526714939835409,0.1927681203370966
p52,p52_gpcc-octree-predlift_r03,2.966666666666667,0.7295356209413097,0.1884590345999098
p52,p52_gpcc-octree-predlift_r04,4.333333333333333,0.6497862896539307,0.1678575978050683
p52,p52_gpcc-octree-predlift_r05,4.566666666666666,0.7156970184527962,0.184884144504986
p52,p52_gpcc-octree-predlift_r06,4.672413793103448,0.6266476498409052,0.164768600079658
p52,p52_gpcc-octree-raht_r02,1.5666666666666669,0.8034647195462629,0.2075569458629047
p52,p52_gpcc-octree-raht_r03,2.6610169491525424,1.0186426577163878,0.2654597222632567
p52,p52_gpcc-octree-raht_r04,4.083333333333333,0.585709446360186,0.1513047939655964
p52,p52_gpcc-octree-raht_r05,4.622950819672131,0.605004658598227,0.1549488877490521
p52,p52_gpcc-octree-raht_r06,4.7,0.6403124237432848,0.1654102387286936
p52,p52_vpcc_r00,2.2666666666666666,0.8137703743822465,0.2102191788033653
p52,p52_vpcc_r01,2.76271186440678,0.8303355060281961,0.2163866112869343
p52,p52_vpcc_r02,3.593220338983051,0.8050401414940962,0.2097946033900496
p52,p52_vpcc_r03,4.129032258064516,0.7509965630208266,0.1907174164712402
p52,p52_vpcc_r04,4.586206896551724,0.5581522088358155,0.1467586419650577
p52,p52_vpcc_r05,4.639344262295082,0.5442030384491092,0.1393768697793482
p53,p53_geocnn_r01,3.95,0.8450838222724812,0.2183083001430113
p53,p53_geocnn_r02,4.426229508196721,0.6129481670767185,0.1569833147341587
p53,p53_geocnn_r03,4.60655737704918,0.5515607816806797,0.1412612753188303
p53,p53_geocnn_r04,4.426229508196721,0.7346018525379698,0.1881402702797059
p53,p53_gpcc-octree-predlift_r02,1.4666666666666668,0.8259674462242572,0.2133700165668801
p53,p53_gpcc-octree-predlift_r03,2.85,0.89116029235299,0.2302111145085937
p53,p53_gpcc-octree-predlift_r04,4.32258064516129,0.7133336899192252,0.1811528376056211
p53,p53_gpcc-octree-predlift_r05,4.423728813559322,0.8068223888414849,0.2102590595781528
p53,p53_gpcc-octree-predlift_r06,4.586206896551724,0.788592870760639,0.2073499252427061
p53,p53_gpcc-octree-raht_r02,1.25,0.5951190357119042,0.1537355486461126
p53,p53_gpcc-octree-raht_r03,2.459016393442623,0.8603043779279954,0.2203341818795934
p53,p53_gpcc-octree-raht_r04,4.133333333333333,0.6182412330330466,0.1597086455859832
p53,p53_gpcc-octree-raht_r05,4.517241379310345,0.7483632556624379,0.1967720871814656
p53,p53_gpcc-octree-raht_r06,4.60655737704918,0.7077715785220627,0.1812687180400926
p53,p53_vpcc_r00,1.95,0.8645808232895292,0.2233449095748103
p53,p53_vpcc_r01,2.7868852459016398,0.92532234699476,0.2369860569476955
p53,p53_vpcc_r02,3.966666666666667,0.7951240294584373,0.2054023171419376
p53,p53_vpcc_r03,4.426229508196721,0.6885245901639343,0.1763393354374515
p53,p53_vpcc_r04,4.5344827586206895,0.6218858205817734,0.1635165409024718
p53,p53_vpcc_r05,4.639344262295082,0.4801907710123543,0.1229825668584399
p54,p54_geocnn_r01,2.6557377049180326,0.7868852459016396,0.2015306690713732
p54,p54_geocnn_r02,3.4918032786885247,0.8800698709160362,0.2253963596839836
p54,p54_geocnn_r03,4.0,0.816496580927726,0.2109234326313252
p54,p54_geocnn_r04,4.169491525423728,0.784436370536009,0.2044252314374051
p54,p54_gpcc-octree-predlift_r02,1.2666666666666666,0.4784233364802444,0.1235898529626262
p54,p54_gpcc-octree-predlift_r03,2.950819672131148,0.9308242338739926,0.2383951556056024
p54,p54_gpcc-octree-predlift_r04,4.305084745762712,0.7422877437443455,0.1934412394779718
p54,p54_gpcc-octree-predlift_r05,4.305084745762712,0.8078898500212194,0.2105372414765374
p54,p54_gpcc-octree-predlift_r06,4.55,0.6689544080129827,0.1728092478374309
p54,p54_gpcc-octree-raht_r02,1.540983606557377,0.9679075028934766,0.2478926217936831
p54,p54_gpcc-octree-raht_r03,3.1,0.9255628917943216,0.2390982483130749
p54,p54_gpcc-octree-raht_r04,4.133333333333333,0.7408703590297622,0.1913871079335139
p54,p54_gpcc-octree-raht_r05,4.370967741935484,0.8276252652043544,0.2101774630647972
p54,p54_gpcc-octree-raht_r06,4.456140350877193,0.6507802452979441,0.1726752416493989
p54,p54_vpcc_r00,2.7096774193548385,0.9900651131111486,0.2514294602778735
p54,p54_vpcc_r01,3.389830508474576,0.939111537436954,0.2447337994475029
p54,p54_vpcc_r02,4.1,0.7234178138070237,0.1868786374358778
p54,p54_vpcc_r03,4.440677966101695,0.6449592403539133,0.1680772933653635
p54,p54_vpcc_r04,4.465517241379311,0.7001358794567913,0.184091345037237
p54,p54_vpcc_r05,4.327868852459017,0.6458267411013838,0.1654039085320652
p55,p55_geocnn_r01,3.838709677419355,0.9014960395149754,0.2289371271204914
p55,p55_geocnn_r02,4.169491525423728,0.7625235172340333,0.1987147107680877
p55,p55_geocnn_r03,4.622950819672131,0.5772726839888199,0.1478463992644698
p55,p55_geocnn_r04,4.637931034482759,0.5152259585339287,0.1354717598221078
p55,p55_gpcc-octree-predlift_r02,1.5172413793103448,0.7249584841940909,0.1906181162362256
p55,p55_gpcc-octree-predlift_r03,3.4333333333333336,0.7386173268720114,0.1908050880112729
p55,p55_gpcc-octree-predlift_r04,4.383333333333333,0.709264094365107,0.1832223440000892
p55,p55_gpcc-octree-predlift_r05,4.689655172413793,0.5319740903635003,0.139875456598452
p55,p55_gpcc-octree-predlift_r06,4.491803278688525,0.8419912156325418,0.2156439632366113
p55,p55_gpcc-octree-raht_r02,1.4333333333333331,0.7386173268720112,0.1908050880112729
p55,p55_gpcc-octree-raht_r03,3.166666666666667,0.7781745019952502,0.201023789910443
p55,p55_gpcc-octree-raht_r04,4.241935483870968,0.8554471358823306,0.2172428952629915
p55,p55_gpcc-octree-raht_r05,4.637931034482759,0.5782934424568421,0.1520545093770818
p55,p55_gpcc-octree-raht_r06,4.672413793103448,0.5689655172413796,0.1496018564711151
p55,p55_vpcc_r00,2.8833333333333333,0.8773381458834569,0.2266404754541419
p55,p55_vpcc_r01,3.6166666666666663,0.8961336705846707,0.2314958743384611
p55,p55_vpcc_r02,4.311475409836065,0.8004298764415542,0.204999610024645
p55,p55_vpcc_r03,4.52542372881356,0.5631609398588525,0.1467605401678247
p55,p55_vpcc_r04,4.721311475409836,0.5763408469261293,0.1476077447113597
p55,p55_vpcc_r05,4.576271186440678,0.669008622236968,0.1743445964150814
p56,p56_geocnn_r01,2.9344262295081966,1.0537808970484062,0.2698858192384296
p56,p56_geocnn_r02,4.133333333333333,0.9030811456096044,0.2332905974452185
p56,p56_geocnn_r03,4.631578947368421,0.716511503742531,0.1901160921021378
p56,p56_geocnn_r04,4.5,0.7981834213973305,0.2027006347229481
p56,p56_gpcc-octree-predlift_r02,1.2459016393442623,0.5910739795842603,0.1513810751907084
p56,p56_gpcc-octree-predlift_r03,3.0491803278688527,1.1654342680115557,0.2984815753178242
p56,p56_gpcc-octree-predlift_r04,4.333333333333333,0.8692269873603531,0.2245451410237564
p56,p56_gpcc-octree-predlift_r05,4.610169491525424,0.6893118443275511,0.1796356449063139
p56,p56_gpcc-octree-predlift_r06,4.721311475409836,0.7272482955022566,0.1862569368747648
p56,p56_gpcc-octree-raht_r02,1.440677966101695,0.7194910263319023,0.1875003825670824
p56,p56_gpcc-octree-raht_r03,3.2131147540983607,0.8891837129390572,0.2277305230073862
p56,p56_gpcc-octree-raht_r04,4.557377049180328,0.8203276067670038,0.2100956553837047
p56,p56_gpcc-octree-raht_r05,4.580645161290323,0.7735212134375354,0.1964376066104771
p56,p56_gpcc-octree-raht_r06,4.65,0.7921489758877434,0.2046337793108547
p56,p56_vpcc_r00,1.711864406779661,0.7822359836755473,0.2038518074987696
p56,p56_vpcc_r01,2.4098360655737703,1.1217236324299025,0.2872867617408943
p56,p56_vpcc_r02,2.8524590163934427,0.9890559428851378,0.25330898877163
p56,p56_vpcc_r03,3.45,0.8645808232895293,0.2233449095748103
p56,p56_vpcc_r04,3.836065573770492,1.1334023617995808,0.2902778232152748
p56,p56_vpcc_r05,4.316666666666666,0.67061331795769,0.1732377897176264
p58,p58_geocnn_r01,2.75,0.959600611365652,0.24789112365221
p58,p58_geocnn_r02,3.333333333333333,0.9067647005823632,0.2342421605959884
p58,p58_geocnn_r03,3.901639344262295,0.8037803719430333,0.2058577117664816
p58,p58_geocnn_r04,3.6229508196721314,0.9778520191479833,0.2504395306661013
p58,p58_gpcc-octree-predlift_r02,1.4,0.8205689083394107,0.2119754263524688
p58,p58_gpcc-octree-predlift_r03,2.7586206896551726,0.8771101615156488,0.230624360380618
p58,p58_gpcc-octree-predlift_r04,4.084745762711864,0.7198901892066205,0.1876044049787278
p58,p58_gpcc-octree-predlift_r05,4.491803278688525,0.6683218724799839,0.1711651791889868
p58,p58_gpcc-octree-predlift_r06,4.491803278688525,0.8419912156325416,0.2156439632366113
p58,p58_gpcc-octree-raht_r02,1.870967741935484,1.1978996533953,0.3042095507979176
p58,p58_gpcc-octree-raht_r03,2.9661016949152543,0.9013380203598867,0.2348899672888693
p58,p58_gpcc-octree-raht_r04,4.016393442622951,0.8394339091470232,0.2149890066343223
p58,p58_gpcc-octree-raht_r05,4.377049180327869,0.7501679467965607,0.1921269321304658
p58,p58_gpcc-octree-raht_r06,4.35,0.7029698902987712,0.1815963786765785
p58,p58_vpcc_r00,2.6666666666666665,0.924962461700774,0.2389431407727074
p58,p58_vpcc_r01,3.278688524590164,0.7272482955022566,0.1862569368747648
p58,p58_vpcc_r02,3.968253968253968,0.8903049944368353,0.224220409175392
p58,p58_vpcc_r03,4.19672131147541,0.8649774398867487,0.2215310086190253
p58,p58_vpcc_r04,4.19672131147541,0.8262034864494526,0.2116005380460171
p58,p58_vpcc_r05,4.283333333333333,0.7977398629182878,0.206078058578499
p65,p65_geocnn_r01,3.666666666666667,0.9249624617007738,0.2389431407727074
p65,p65_geocnn_r02,4.258064516129032,0.9492863851330432,0.2410736024352164
p65,p65_geocnn_r03,4.627118644067797,0.5792544912079682,0.1509545424894466
p65,p65_geocnn_r04,4.333333333333333,0.9085135251589956,0.2288061682517948
p65,p65_gpcc-octree-predlift_r02,1.4333333333333331,0.7386173268720112,0.1908050880112729
p65,p65_gpcc-octree-predlift_r03,2.683333333333333,1.024559525953579,0.2646717906689937
p65,p65_gpcc-octree-predlift_r04,4.05,0.9385272150200724,0.2424472881258448
p65,p65_gpcc-octree-predlift_r05,4.245901639344263,0.8426293295669767,0.2158073918036358
p65,p65_gpcc-octree-predlift_r06,4.316666666666666,0.8264717512144953,0.2135002923599682
p65,p65_gpcc-octree-raht_r02,1.2166666666666668,0.5799904213768441,0.149827413154742
p65,p65_gpcc-octree-raht_r03,2.3220338983050848,0.9102184123455968,0.2372042100434386
p65,p65_gpcc-octree-raht_r04,3.9661016949152543,0.8430393298607382,0.2196972458070202
p65,p65_gpcc-octree-raht_r05,4.305084745762712,0.9252436653529612,0.2411198123010663
p65,p65_gpcc-octree-raht_r06,4.45,0.7836878630339164,0.2024480420907644
p65,p65_vpcc_r00,1.694915254237288,0.8488124763084011,0.2212017359645573
p65,p65_vpcc_r01,2.833333333333333,0.93392838174146,0.2412592835170294
p65,p65_vpcc_r02,3.5,1.0434125154603786,0.2649771637594602
p65,p65_vpcc_r03,4.262295081967213,0.7872267018716704,0.2016181200058737
p65,p65_vpcc_r04,4.35,0.7708220719898119,0.199124455839544
p65,p65_vpcc_r05,4.483333333333333,0.67061331795769,0.1732377897176264
p67,p67_geocnn_r01,2.7586206896551726,0.8771101615156489,0.230624360380618
p67,p67_geocnn_r02,3.830508474576271,0.866564273299269,0.2258278794538097
p67,p67_geocnn_r03,4.016129032258064,0.7293818744900009,0.1852283133815429
p67,p67_geocnn_r04,4.271186440677966,0.819890618471039,0.2136646587661064
p67,p67_gpcc-octree-predlift_r02,1.564516129032258,0.9091110110349648,0.2308709677880873
p67,p67_gpcc-octree-predlift_r03,3.0327868852459017,0.940303632767212,0.240822942390645
p67,p67_gpcc-octree-predlift_r04,4.508474576271187,0.592978158797827,0.1545309497400563
p67,p67_gpcc-octree-predlift_r05,4.426229508196721,0.819016130937495,0.2097597708277692
p67,p67_gpcc-octree-predlift_r06,4.466666666666667,0.7408703590297617,0.1913871079335138
p67,p67_gpcc-octree-raht_r02,1.406779661016949,1.0270682988164823,0.2676554562916501
p67,p67_gpcc-octree-raht_r03,2.9166666666666665,0.7592027982620246,0.1961228791561937
p67,p67_gpcc-octree-raht_r04,4.245901639344263,0.8229442883941724,0.2107658186658563
p67,p67_gpcc-octree-raht_r05,4.55,0.529937103186155,0.1368972699869991
p67,p67_gpcc-octree-raht_r06,4.655737704918033,0.5693034542355848,0.1458053847550253
p67,p67_vpcc_r00,2.5,0.8935250957719059,0.2269128864350202
p67,p67_vpcc_r01,3.5,0.7981834213973305,0.2027006347229481
p67,p67_vpcc_r02,3.9322033898305087,0.8409922867834083,0.219163783475895
p67,p67_vpcc_r03,4.3,0.7810249675906653,0.2017601432547513
p67,p67_vpcc_r04,4.508474576271187,0.673288951391227,0.1754600562673442
p67,p67_vpcc_r05,4.419354838709677,0.7735212134375358,0.1964376066104772
p68,p68_geocnn_r03,4.491803278688525,0.7601326635652218,0.1946790145947823
p68,p68_geocnn_r04,4.666666666666667,0.5676462121975464,0.1466385657865654
p68,p68_gpcc-octree-predlift_r02,1.403225806451613,0.7286681934242911,0.1850470723270045
p68,p68_gpcc-octree-predlift_r03,3.2711864406779663,0.9712914428402986,0.2531199284654849
p68,p68_gpcc-octree-predlift_r04,4.344262295081967,0.9032772009151416,0.2313400328770434
p68,p68_gpcc-octree-predlift_r05,4.327586206896552,0.7517320467790218,0.1976578656510429
p68,p68_gpcc-octree-predlift_r06,4.65,0.5722761571129799,0.1478346073833932
p68,p68_gpcc-octree-raht_r02,1.1333333333333333,0.3858612300930074,0.0996785253871956
p68,p68_gpcc-octree-raht_r03,3.5517241379310347,1.0367790605774423,0.2726071572224336
p68,p68_gpcc-octree-raht_r04,4.426229508196721,0.6885245901639343,0.1763393354374515
p68,p68_gpcc-octree-raht_r05,4.622950819672131,0.6050046585982273,0.1549488877490522
p68,p68_gpcc-octree-raht_r06,4.688524590163935,0.5291807341498024,0.1355294790038812
p68,p68_vpcc_r00,2.0491803278688523,0.8763977970245022,0.2244558978922615
p68,p68_vpcc_r01,3.442622950819672,0.9670741772952544,0.2476791971981163
p68,p68_vpcc_r02,4.065573770491803,0.8659090259832299,0.2217695988967047
p68,p68_vpcc_r03,4.220338983050848,0.8842845736098702,0.2304458148634845
p68,p68_vpcc_r04,4.483333333333333,0.7186020379103364,0.1856345906062409
p68,p68_vpcc_r05,4.5,0.6708203932499369,0.1732912829378971
p69,p69_geocnn_r01,3.833333333333333,0.8975274678557508,0.2318559303529938
p69,p69_geocnn_r02,4.145161290322581,0.8001365648266104,0.203196640280326
p69,p69_geocnn_r03,4.216666666666667,0.7547994582816171,0.1949853758213297
p69,p69_geocnn_r04,4.627118644067797,0.5492153134243951,0.1431262901273076
p69,p69_gpcc-octree-predlift_r02,1.540983606557377,0.8976064801313987,0.2298876938484279
p69,p69_gpcc-octree-predlift_r03,3.278688524590164,1.0732385116939611,0.2748691457380369
p69,p69_gpcc-octree-predlift_r04,4.193548387096774,0.7999739850088546,0.203155352737427
p69,p69_gpcc-octree-predlift_r05,4.533333333333333,0.6699917080747259,0.1730772108574879
p69,p69_gpcc-octree-predlift_r06,4.6440677966101696,0.5752733135077001,0.1499170419306509
p69,p69_gpcc-octree-raht_r02,1.6065573770491803,0.9282221420912824,0.2377287289561184
p69,p69_gpcc-octree-raht_r03,2.6333333333333333,1.0949378470437894,0.2828524388357137
p69,p69_gpcc-octree-raht_r04,4.017241379310345,0.8405946029826832,0.2210230837108163
p69,p69_gpcc-octree-raht_r05,4.704918032786885,0.49070916547855,0.1256764527653997
p69,p69_gpcc-octree-raht_r06,4.627118644067797,0.6350845422100064,0.1655039330148441
p69,p69_vpcc_r00,2.12280701754386,0.8799955230866285,0.233494241254672
p69,p69_vpcc_r01,2.7586206896551726,0.9524984356505612,0.2504466965766999
p69,p69_vpcc_r02,3.4098360655737707,0.9645698808757804,0.2470378171041341
p69,p69_vpcc_r03,4.032786885245901,0.940303632767212,0.240822942390645
p69,p69_vpcc_r04,4.516666666666667,0.6706133179576901,0.1732377897176264
p69,p69_vpcc_r05,4.426229508196721,0.6642885111263871,0.1701321873818198
p70,p70_geocnn_r01,3.833333333333333,0.8787617550976047,0.2270082327101888
p70,p70_geocnn_r02,4.416666666666667,0.7139483330201299,0.1844324111570872
p70,p70_geocnn_r03,4.442622950819672,0.6659047872652428,0.1705461349216475
p70,p70_geocnn_r04,4.258620689655173,0.8000074315944954,0.2103512310157289
p70,p70_gpcc-octree-predlift_r02,1.1864406779661016,0.3894618743415612,0.1014943171795022
p70,p70_gpcc-octree-predlift_r03,2.6440677966101696,0.8589057260555885,0.223832051173061
p70,p70_gpcc-octree-predlift_r04,4.190476190476191,0.8702698515474792,0.2191746237820611
p70,p70_gpcc-octree-predlift_r05,4.442622950819672,0.6408137798587563,0.1641200295439695
p70,p70_gpcc-octree-predlift_r06,4.45,0.7170541588099647,0.1852347310345355
p70,p70_gpcc-octree-raht_r02,1.4193548387096775,0.8715649087810515,0.2213360431652263
p70,p70_gpcc-octree-raht_r03,2.344262295081968,0.8275035714179647,0.2119335052669918
p70,p70_gpcc-octree-raht_r04,4.101694915254237,0.7744854005963296,0.2018319945486622
p70,p70_gpcc-octree-raht_r05,4.467741935483871,0.7120561307949718,0.1808283983371019
p70,p70_gpcc-octree-raht_r06,4.338983050847458,0.9497576763472474,0.2475081983565749
p70,p70_vpcc_r00,1.6666666666666663,0.7798635358208021,0.2069256488259865
p70,p70_vpcc_r01,2.431034482758621,0.9669017167455138,0.2542338462822348
p70,p70_vpcc_r02,3.2622950819672134,0.7872267018716702,0.2016181200058736
p70,p70_vpcc_r03,4.081967213114754,0.8355832745819451,0.2140028133306718
p70,p70_vpcc_r04,4.366666666666667,0.6823163163486239,0.1762609947748845
p70,p70_vpcc_r05,4.383333333333333,0.7547994582816165,0.1949853758213296
p72,p72_geocnn_r01,3.083333333333333,0.9361564446655746,0.2418348532022556
p72,p72_geocnn_r02,3.4833333333333334,0.9914915811823896,0.2561294347251668
p72,p72_geocnn_r03,3.637931034482759,1.0119676269537374,0.2660833233180296
p72,p72_geocnn_r04,3.9491525423728815,0.7461478204425471,0.1944471809437618
p72,p72_gpcc-octree-predlift_r02,1.2999999999999998,0.640312423743285,0.1654102387286937
p72,p72_gpcc-octree-predlift_r03,2.593220338983051,0.9587888558461658,0.2498617365510847
p72,p72_gpcc-octree-predlift_r04,4.183333333333334,0.6452820227535313,0.1666940222821427
p72,p72_gpcc-octree-predlift_r05,4.1803278688524586,0.7997580929606868,0.2048275582863828
p72,p72_gpcc-octree-predlift_r06,4.333333333333333,0.9258200997725512,0.2331647726239184
p72,p72_gpcc-octree-raht_r02,1.2241379310344829,0.5584184393345396,0.1468286437062027
p72,p72_gpcc-octree-raht_r03,2.6557377049180326,0.8074498594114591,0.2067975111444881
p72,p72_gpcc-octree-raht_r04,3.915254237288136,0.9617804040075324,0.2506413382475558
p72,p72_gpcc-octree-raht_r05,4.25,0.7664854858377946,0.1980041968470989
p72,p72_gpcc-octree-raht_r06,4.316666666666666,0.9572820320516248,0.2472921711040108
p72,p72_vpcc_r00,1.8983050847457623,0.9149403102553068,0.2384347433400484
p72,p72_vpcc_r01,2.6666666666666665,1.0540925533894598,0.2654697717148285
p72,p72_vpcc_r02,3.35,1.0927793311857004,0.282294835062701
p72,p72_vpcc_r03,3.724137931034482,0.8865489746332721,0.233106169774141
p72,p72_vpcc_r04,4.114754098360656,0.8702432419663609,0.222879643152242
p72,p72_vpcc_r05,4.311475409836065,0.7364287686956128,0.1886081652332645
p74,p74_geocnn_r01,1.9491525423728813,0.8114379121075134,0.2114618714916517
p74,p74_geocnn_r02,3.534482758620689,0.8947262582985599,0.2352562769074332
p74,p74_geocnn_r03,3.761904761904762,0.867660340870886,0.2185174270289154
p74,p74_geocnn_r04,3.7666666666666666,1.0060925515191046,0.2599012653183444
p74,p74_gpcc-octree-predlift_r02,1.274193548387097,0.543861783873786,0.138115032005775
p74,p74_gpcc-octree-predlift_r03,2.189655172413793,0.8993656107410333,0.2364761324473312
p74,p74_gpcc-octree-predlift_r04,3.661290322580645,0.914816187902402,0.2323198114263224
p74,p74_gpcc-octree-predlift_r05,4.016949152542373,0.98275857724232,0.2561082799648618
p74,p74_gpcc-octree-predlift_r06,4.065573770491803,0.9558937532533278,0.2448157576439926
p74,p74_gpcc-octree-raht_r02,1.3389830508474576,0.7942626789057615,0.2069859813441049
p74,p74_gpcc-octree-raht_r03,2.180327868852459,0.8964080730814639,0.229580767551549
p74,p74_gpcc-octree-raht_r04,3.8,0.8906926143924924,0.2300903004805887
p74,p74_gpcc-octree-raht_r05,4.016666666666667,0.9218037872683218,0.2381271686432214
p74,p74_gpcc-octree-raht_r06,4.0,0.9486832980505138,0.2450708825718074
p74,p74_vpcc_r00,2.419354838709677,0.9078224051271157,0.230543723161819
p74,p74_vpcc_r01,3.152542372881356,0.7770775177184849,0.2025075039494404
p74,p74_vpcc_r02,3.9827586206896552,0.7766279744520833,0.2042039161331859
p74,p74_vpcc_r03,4.135593220338983,0.7238697120021229,0.1886414742669928
p74,p74_vpcc_r04,3.9333333333333336,0.8730533902472533,0.2255336057036922
p74,p74_vpcc_r05,4.186440677966102,0.7913639003341527,0.2062305555343837
p75,p75_geocnn_r01,2.532258064516129,0.9108263163545484,0.2313065737750102
p75,p75_geocnn_r02,3.344827586206897,1.0094676667796176,0.2654259922991561
p75,p75_geocnn_r03,3.557377049180328,0.8967078249952358,0.2296575375812993
p75,p75_geocnn_r04,4.084745762711864,0.9258644260167904,0.2412815834110466
p75,p75_gpcc-octree-predlift_r02,1.4137931034482758,0.7200211385455546,0.1893199073770282
p75,p75_gpcc-octree-predlift_r03,2.950819672131148,1.0468724617107934,0.2681164867937349
p75,p75_gpcc-octree-predlift_r04,4.096774193548387,0.94544199288728,0.2400973096089685
p75,p75_gpcc-octree-predlift_r05,4.4,0.6633249580710798,0.1713550067134532
p75,p75_gpcc-octree-predlift_r06,4.220338983050848,0.7606374804175214,0.1982232068970325
p75,p75_gpcc-octree-raht_r02,1.4745762711864407,0.9271047004188026,0.2416048006804141
p75,p75_gpcc-octree-raht_r03,2.6166666666666667,0.9847447497814964,0.2543865433626037
p75,p75_gpcc-octree-raht_r04,4.19672131147541,0.8262034864494527,0.2116005380460172
p75,p75_gpcc-octree-raht_r05,4.293103448275862,0.8306337565824762,0.2184040126628561
p75,p75_gpcc-octree-raht_r06,4.120689655172414,0.8320640353112864,0.2187800852834581
p75,p75_vpcc_r00,2.0491803278688523,0.9987899155231356,0.2558019749200872
p75,p75_vpcc_r01,3.3728813559322037,0.9897492420784024,0.2579300571423288
p75,p75_vpcc_r02,3.637931034482759,0.8448275862068967,0.2221360899116556
p75,p75_vpcc_r03,3.9672131147540974,0.8864593989898865,0.2270327938076122
p75,p75_vpcc_r04,3.9661016949152543,0.9381933900405456,0.2444945289329599
p75,p75_vpcc_r05,3.7966101694915255,0.8592401258058694,0.2239191962225658
